sample_id,condition,model,fold_id,true_label,predicted_label
syn-ja-full-0002,bert_ja,tohoku-nlp-bert-base-japanese-v3,0,billing,billing
syn-ja-full-0003,bert_ja,tohoku-nlp-bert-base-japanese-v3,0,technical_issue,account_support
syn-ja-full-0005,bert_ja,tohoku-nlp-bert-base-japanese-v3,0,account_support,account_support
syn-ja-full-0021,bert_ja,tohoku-nlp-bert-base-japanese-v3,0,account_support,account_support
syn-ja-full-0024,bert_ja,tohoku-nlp-bert-base-japanese-v3,0,product_inquiry,product_inquiry
syn-ja-full-0026,bert_ja,tohoku-nlp-bert-base-japanese-v3,0,technical_issue,account_support
syn-ja-full-0027,bert_ja,tohoku-nlp-bert-base-japanese-v3,0,account_support,account_support
syn-ja-full-0029,bert_ja,tohoku-nlp-bert-base-japanese-v3,0,technical_issue,account_support
syn-ja-full-0032,bert_ja,tohoku-nlp-bert-base-japanese-v3,0,account_support,account_support
syn-ja-full-0036,bert_ja,tohoku-nlp-bert-base-japanese-v3,0,product_inquiry,product_inquiry
syn-ja-full-0037,bert_ja,tohoku-nlp-bert-base-japanese-v3,0,account_support,account_support
syn-ja-full-0043,bert_ja,tohoku-nlp-bert-base-japanese-v3,0,technical_issue,account_support
syn-ja-full-0044,bert_ja,tohoku-nlp-bert-base-japanese-v3,0,technical_issue,account_support
syn-ja-full-0050,bert_ja,tohoku-nlp-bert-base-japanese-v3,0,technical_issue,account_support
syn-ja-full-0055,bert_ja,tohoku-nlp-bert-base-japanese-v3,0,product_inquiry,product_inquiry
syn-ja-full-0057,bert_ja,tohoku-nlp-bert-base-japanese-v3,0,account_support,account_support
syn-ja-full-0065,bert_ja,tohoku-nlp-bert-base-japanese-v3,0,product_inquiry,product_inquiry
syn-ja-full-0066,bert_ja,tohoku-nlp-bert-base-japanese-v3,0,product_inquiry,product_inquiry
syn-ja-full-0070,bert_ja,tohoku-nlp-bert-base-japanese-v3,0,technical_issue,account_support
syn-ja-full-0073,bert_ja,tohoku-nlp-bert-base-japanese-v3,0,account_support,account_support
syn-ja-full-0075,bert_ja,tohoku-nlp-bert-base-japanese-v3,0,technical_issue,account_support
syn-ja-full-0084,bert_ja,tohoku-nlp-bert-base-japanese-v3,0,product_inquiry,product_inquiry
syn-ja-full-0092,bert_ja,tohoku-nlp-bert-base-japanese-v3,0,billing,billing
syn-ja-full-0099,bert_ja,tohoku-nlp-bert-base-japanese-v3,0,account_support,account_support
syn-ja-full-0109,bert_ja,tohoku-nlp-bert-base-japanese-v3,0,billing,billing
syn-ja-full-0113,bert_ja,tohoku-nlp-bert-base-japanese-v3,0,account_support,account_support
syn-ja-full-0117,bert_ja,tohoku-nlp-bert-base-japanese-v3,0,product_inquiry,product_inquiry
syn-ja-full-0126,bert_ja,tohoku-nlp-bert-base-japanese-v3,0,product_inquiry,product_inquiry
syn-ja-full-0129,bert_ja,tohoku-nlp-bert-base-japanese-v3,0,technical_issue,account_support
syn-ja-full-0134,bert_ja,tohoku-nlp-bert-base-japanese-v3,0,billing,billing
syn-ja-full-0136,bert_ja,tohoku-nlp-bert-base-japanese-v3,0,account_support,account_support
syn-ja-full-0139,bert_ja,tohoku-nlp-bert-base-japanese-v3,0,account_support,account_support
syn-ja-full-0152,bert_ja,tohoku-nlp-bert-base-japanese-v3,0,product_inquiry,product_inquiry
syn-ja-full-0157,bert_ja,tohoku-nlp-bert-base-japanese-v3,0,product_inquiry,product_inquiry
syn-ja-full-0161,bert_ja,tohoku-nlp-bert-base-japanese-v3,0,product_inquiry,product_inquiry
syn-ja-full-0168,bert_ja,tohoku-nlp-bert-base-japanese-v3,0,account_support,account_support
syn-ja-full-0181,bert_ja,tohoku-nlp-bert-base-japanese-v3,0,product_inquiry,product_inquiry
syn-ja-full-0183,bert_ja,tohoku-nlp-bert-base-japanese-v3,0,product_inquiry,product_inquiry
syn-ja-full-0189,bert_ja,tohoku-nlp-bert-base-japanese-v3,0,product_inquiry,product_inquiry
syn-ja-full-0196,bert_ja,tohoku-nlp-bert-base-japanese-v3,0,product_inquiry,product_inquiry
syn-ja-full-0197,bert_ja,tohoku-nlp-bert-base-japanese-v3,0,technical_issue,account_support
syn-ja-full-0207,bert_ja,tohoku-nlp-bert-base-japanese-v3,0,account_support,account_support
syn-ja-full-0210,bert_ja,tohoku-nlp-bert-base-japanese-v3,0,billing,billing
syn-ja-full-0217,bert_ja,tohoku-nlp-bert-base-japanese-v3,0,product_inquiry,product_inquiry
syn-ja-full-0222,bert_ja,tohoku-nlp-bert-base-japanese-v3,0,product_inquiry,product_inquiry
syn-ja-full-0224,bert_ja,tohoku-nlp-bert-base-japanese-v3,0,product_inquiry,product_inquiry
syn-ja-full-0233,bert_ja,tohoku-nlp-bert-base-japanese-v3,0,product_inquiry,product_inquiry
syn-ja-full-0235,bert_ja,tohoku-nlp-bert-base-japanese-v3,0,account_support,account_support
syn-ja-full-0241,bert_ja,tohoku-nlp-bert-base-japanese-v3,0,billing,billing
syn-ja-full-0242,bert_ja,tohoku-nlp-bert-base-japanese-v3,0,billing,billing
syn-ja-full-0246,bert_ja,tohoku-nlp-bert-base-japanese-v3,0,billing,billing
syn-ja-full-0248,bert_ja,tohoku-nlp-bert-base-japanese-v3,0,billing,billing
syn-ja-full-0253,bert_ja,tohoku-nlp-bert-base-japanese-v3,0,technical_issue,account_support
syn-ja-full-0258,bert_ja,tohoku-nlp-bert-base-japanese-v3,0,billing,billing
syn-ja-full-0260,bert_ja,tohoku-nlp-bert-base-japanese-v3,0,product_inquiry,product_inquiry
syn-ja-full-0262,bert_ja,tohoku-nlp-bert-base-japanese-v3,0,billing,billing
syn-ja-full-0265,bert_ja,tohoku-nlp-bert-base-japanese-v3,0,technical_issue,account_support
syn-ja-full-0266,bert_ja,tohoku-nlp-bert-base-japanese-v3,0,technical_issue,account_support
syn-ja-full-0282,bert_ja,tohoku-nlp-bert-base-japanese-v3,0,product_inquiry,product_inquiry
syn-ja-full-0283,bert_ja,tohoku-nlp-bert-base-japanese-v3,0,technical_issue,account_support
syn-ja-full-0287,bert_ja,tohoku-nlp-bert-base-japanese-v3,0,product_inquiry,product_inquiry
syn-ja-full-0290,bert_ja,tohoku-nlp-bert-base-japanese-v3,0,billing,billing
syn-ja-full-0293,bert_ja,tohoku-nlp-bert-base-japanese-v3,0,account_support,account_support
syn-ja-full-0313,bert_ja,tohoku-nlp-bert-base-japanese-v3,0,account_support,account_support
syn-ja-full-0315,bert_ja,tohoku-nlp-bert-base-japanese-v3,0,product_inquiry,product_inquiry
syn-ja-full-0333,bert_ja,tohoku-nlp-bert-base-japanese-v3,0,account_support,account_support
syn-ja-full-0339,bert_ja,tohoku-nlp-bert-base-japanese-v3,0,billing,billing
syn-ja-full-0345,bert_ja,tohoku-nlp-bert-base-japanese-v3,0,product_inquiry,product_inquiry
syn-ja-full-0346,bert_ja,tohoku-nlp-bert-base-japanese-v3,0,account_support,account_support
syn-ja-full-0349,bert_ja,tohoku-nlp-bert-base-japanese-v3,0,billing,billing
syn-ja-full-0355,bert_ja,tohoku-nlp-bert-base-japanese-v3,0,product_inquiry,product_inquiry
syn-ja-full-0356,bert_ja,tohoku-nlp-bert-base-japanese-v3,0,billing,billing
syn-ja-full-0364,bert_ja,tohoku-nlp-bert-base-japanese-v3,0,technical_issue,account_support
syn-ja-full-0366,bert_ja,tohoku-nlp-bert-base-japanese-v3,0,account_support,account_support
syn-ja-full-0376,bert_ja,tohoku-nlp-bert-base-japanese-v3,0,product_inquiry,product_inquiry
syn-ja-full-0377,bert_ja,tohoku-nlp-bert-base-japanese-v3,0,product_inquiry,product_inquiry
syn-ja-full-0380,bert_ja,tohoku-nlp-bert-base-japanese-v3,0,technical_issue,account_support
syn-ja-full-0382,bert_ja,tohoku-nlp-bert-base-japanese-v3,0,billing,billing
syn-ja-full-0386,bert_ja,tohoku-nlp-bert-base-japanese-v3,0,billing,billing
syn-ja-full-0387,bert_ja,tohoku-nlp-bert-base-japanese-v3,0,product_inquiry,product_inquiry
syn-ja-full-0389,bert_ja,tohoku-nlp-bert-base-japanese-v3,0,billing,billing
syn-ja-full-0394,bert_ja,tohoku-nlp-bert-base-japanese-v3,0,account_support,account_support
syn-ja-full-0404,bert_ja,tohoku-nlp-bert-base-japanese-v3,0,product_inquiry,product_inquiry
syn-ja-full-0405,bert_ja,tohoku-nlp-bert-base-japanese-v3,0,billing,billing
syn-ja-full-0410,bert_ja,tohoku-nlp-bert-base-japanese-v3,0,product_inquiry,product_inquiry
syn-ja-full-0417,bert_ja,tohoku-nlp-bert-base-japanese-v3,0,technical_issue,account_support
syn-ja-full-0421,bert_ja,tohoku-nlp-bert-base-japanese-v3,0,product_inquiry,product_inquiry
syn-ja-full-0426,bert_ja,tohoku-nlp-bert-base-japanese-v3,0,product_inquiry,product_inquiry
syn-ja-full-0438,bert_ja,tohoku-nlp-bert-base-japanese-v3,0,billing,billing
syn-ja-full-0440,bert_ja,tohoku-nlp-bert-base-japanese-v3,0,billing,billing
syn-ja-full-0452,bert_ja,tohoku-nlp-bert-base-japanese-v3,0,account_support,account_support
syn-ja-full-0459,bert_ja,tohoku-nlp-bert-base-japanese-v3,0,product_inquiry,product_inquiry
syn-ja-full-0467,bert_ja,tohoku-nlp-bert-base-japanese-v3,0,account_support,account_support
syn-ja-full-0472,bert_ja,tohoku-nlp-bert-base-japanese-v3,0,product_inquiry,product_inquiry
syn-ja-full-0475,bert_ja,tohoku-nlp-bert-base-japanese-v3,0,technical_issue,account_support
syn-ja-full-0480,bert_ja,tohoku-nlp-bert-base-japanese-v3,0,technical_issue,account_support
syn-ja-full-0483,bert_ja,tohoku-nlp-bert-base-japanese-v3,0,technical_issue,account_support
syn-ja-full-0487,bert_ja,tohoku-nlp-bert-base-japanese-v3,0,technical_issue,account_support
syn-ja-full-0490,bert_ja,tohoku-nlp-bert-base-japanese-v3,0,technical_issue,account_support
syn-ja-full-0494,bert_ja,tohoku-nlp-bert-base-japanese-v3,0,product_inquiry,product_inquiry
syn-ja-full-0496,bert_ja,tohoku-nlp-bert-base-japanese-v3,0,product_inquiry,product_inquiry
syn-ja-full-0500,bert_ja,tohoku-nlp-bert-base-japanese-v3,0,technical_issue,account_support
syn-ja-full-0502,bert_ja,tohoku-nlp-bert-base-japanese-v3,0,billing,billing
syn-ja-full-0506,bert_ja,tohoku-nlp-bert-base-japanese-v3,0,account_support,account_support
syn-ja-full-0510,bert_ja,tohoku-nlp-bert-base-japanese-v3,0,product_inquiry,product_inquiry
syn-ja-full-0513,bert_ja,tohoku-nlp-bert-base-japanese-v3,0,account_support,account_support
syn-ja-full-0524,bert_ja,tohoku-nlp-bert-base-japanese-v3,0,technical_issue,account_support
syn-ja-full-0527,bert_ja,tohoku-nlp-bert-base-japanese-v3,0,product_inquiry,product_inquiry
syn-ja-full-0528,bert_ja,tohoku-nlp-bert-base-japanese-v3,0,product_inquiry,product_inquiry
syn-ja-full-0538,bert_ja,tohoku-nlp-bert-base-japanese-v3,0,account_support,account_support
syn-ja-full-0540,bert_ja,tohoku-nlp-bert-base-japanese-v3,0,product_inquiry,product_inquiry
syn-ja-full-0548,bert_ja,tohoku-nlp-bert-base-japanese-v3,0,product_inquiry,product_inquiry
syn-ja-full-0551,bert_ja,tohoku-nlp-bert-base-japanese-v3,0,product_inquiry,product_inquiry
syn-ja-full-0552,bert_ja,tohoku-nlp-bert-base-japanese-v3,0,product_inquiry,product_inquiry
syn-ja-full-0557,bert_ja,tohoku-nlp-bert-base-japanese-v3,0,product_inquiry,product_inquiry
syn-ja-full-0566,bert_ja,tohoku-nlp-bert-base-japanese-v3,0,product_inquiry,product_inquiry
syn-ja-full-0570,bert_ja,tohoku-nlp-bert-base-japanese-v3,0,technical_issue,account_support
syn-ja-full-0574,bert_ja,tohoku-nlp-bert-base-japanese-v3,0,account_support,account_support
syn-ja-full-0576,bert_ja,tohoku-nlp-bert-base-japanese-v3,0,product_inquiry,product_inquiry
syn-ja-full-0577,bert_ja,tohoku-nlp-bert-base-japanese-v3,0,technical_issue,account_support
syn-ja-full-0586,bert_ja,tohoku-nlp-bert-base-japanese-v3,0,billing,billing
syn-ja-full-0588,bert_ja,tohoku-nlp-bert-base-japanese-v3,0,billing,billing
syn-ja-full-0591,bert_ja,tohoku-nlp-bert-base-japanese-v3,0,product_inquiry,product_inquiry
syn-ja-full-0604,bert_ja,tohoku-nlp-bert-base-japanese-v3,0,product_inquiry,product_inquiry
syn-ja-full-0608,bert_ja,tohoku-nlp-bert-base-japanese-v3,0,technical_issue,account_support
syn-ja-full-0609,bert_ja,tohoku-nlp-bert-base-japanese-v3,0,product_inquiry,product_inquiry
syn-ja-full-0613,bert_ja,tohoku-nlp-bert-base-japanese-v3,0,product_inquiry,product_inquiry
syn-ja-full-0630,bert_ja,tohoku-nlp-bert-base-japanese-v3,0,product_inquiry,product_inquiry
syn-ja-full-0639,bert_ja,tohoku-nlp-bert-base-japanese-v3,0,billing,billing
syn-ja-full-0653,bert_ja,tohoku-nlp-bert-base-japanese-v3,0,product_inquiry,product_inquiry
syn-ja-full-0656,bert_ja,tohoku-nlp-bert-base-japanese-v3,0,product_inquiry,product_inquiry
syn-ja-full-0657,bert_ja,tohoku-nlp-bert-base-japanese-v3,0,account_support,account_support
syn-ja-full-0658,bert_ja,tohoku-nlp-bert-base-japanese-v3,0,product_inquiry,product_inquiry
syn-ja-full-0661,bert_ja,tohoku-nlp-bert-base-japanese-v3,0,billing,billing
syn-ja-full-0668,bert_ja,tohoku-nlp-bert-base-japanese-v3,0,product_inquiry,product_inquiry
syn-ja-full-0670,bert_ja,tohoku-nlp-bert-base-japanese-v3,0,product_inquiry,product_inquiry
syn-ja-full-0676,bert_ja,tohoku-nlp-bert-base-japanese-v3,0,billing,billing
syn-ja-full-0679,bert_ja,tohoku-nlp-bert-base-japanese-v3,0,product_inquiry,product_inquiry
syn-ja-full-0681,bert_ja,tohoku-nlp-bert-base-japanese-v3,0,billing,billing
syn-ja-full-0684,bert_ja,tohoku-nlp-bert-base-japanese-v3,0,technical_issue,account_support
syn-ja-full-0689,bert_ja,tohoku-nlp-bert-base-japanese-v3,0,technical_issue,account_support
syn-ja-full-0697,bert_ja,tohoku-nlp-bert-base-japanese-v3,0,technical_issue,account_support
syn-ja-full-0708,bert_ja,tohoku-nlp-bert-base-japanese-v3,0,technical_issue,account_support
syn-ja-full-0718,bert_ja,tohoku-nlp-bert-base-japanese-v3,0,account_support,account_support
syn-ja-full-0726,bert_ja,tohoku-nlp-bert-base-japanese-v3,0,billing,billing
syn-ja-full-0728,bert_ja,tohoku-nlp-bert-base-japanese-v3,0,product_inquiry,product_inquiry
syn-ja-full-0731,bert_ja,tohoku-nlp-bert-base-japanese-v3,0,product_inquiry,product_inquiry
syn-ja-full-0733,bert_ja,tohoku-nlp-bert-base-japanese-v3,0,account_support,account_support
syn-ja-full-0736,bert_ja,tohoku-nlp-bert-base-japanese-v3,0,account_support,account_support
syn-ja-full-0737,bert_ja,tohoku-nlp-bert-base-japanese-v3,0,technical_issue,account_support
syn-ja-full-0741,bert_ja,tohoku-nlp-bert-base-japanese-v3,0,product_inquiry,product_inquiry
syn-ja-full-0751,bert_ja,tohoku-nlp-bert-base-japanese-v3,0,product_inquiry,product_inquiry
syn-ja-full-0756,bert_ja,tohoku-nlp-bert-base-japanese-v3,0,product_inquiry,product_inquiry
syn-ja-full-0772,bert_ja,tohoku-nlp-bert-base-japanese-v3,0,billing,billing
syn-ja-full-0774,bert_ja,tohoku-nlp-bert-base-japanese-v3,0,product_inquiry,product_inquiry
syn-ja-full-0781,bert_ja,tohoku-nlp-bert-base-japanese-v3,0,technical_issue,account_support
syn-ja-full-0782,bert_ja,tohoku-nlp-bert-base-japanese-v3,0,billing,billing
syn-ja-full-0784,bert_ja,tohoku-nlp-bert-base-japanese-v3,0,billing,billing
syn-ja-full-0785,bert_ja,tohoku-nlp-bert-base-japanese-v3,0,product_inquiry,product_inquiry
syn-ja-full-0786,bert_ja,tohoku-nlp-bert-base-japanese-v3,0,account_support,account_support
syn-ja-full-0787,bert_ja,tohoku-nlp-bert-base-japanese-v3,0,account_support,account_support
syn-ja-full-0788,bert_ja,tohoku-nlp-bert-base-japanese-v3,0,product_inquiry,product_inquiry
syn-ja-full-0794,bert_ja,tohoku-nlp-bert-base-japanese-v3,0,product_inquiry,product_inquiry
syn-ja-full-0795,bert_ja,tohoku-nlp-bert-base-japanese-v3,0,technical_issue,account_support
syn-ja-full-0796,bert_ja,tohoku-nlp-bert-base-japanese-v3,0,billing,billing
syn-ja-full-0797,bert_ja,tohoku-nlp-bert-base-japanese-v3,0,account_support,account_support
syn-ja-full-0798,bert_ja,tohoku-nlp-bert-base-japanese-v3,0,account_support,account_support
syn-ja-full-0001,bert_ja,tohoku-nlp-bert-base-japanese-v3,1,technical_issue,technical_issue
syn-ja-full-0011,bert_ja,tohoku-nlp-bert-base-japanese-v3,1,technical_issue,technical_issue
syn-ja-full-0013,bert_ja,tohoku-nlp-bert-base-japanese-v3,1,product_inquiry,product_inquiry
syn-ja-full-0016,bert_ja,tohoku-nlp-bert-base-japanese-v3,1,account_support,account_support
syn-ja-full-0019,bert_ja,tohoku-nlp-bert-base-japanese-v3,1,billing,billing
syn-ja-full-0020,bert_ja,tohoku-nlp-bert-base-japanese-v3,1,billing,billing
syn-ja-full-0022,bert_ja,tohoku-nlp-bert-base-japanese-v3,1,technical_issue,technical_issue
syn-ja-full-0023,bert_ja,tohoku-nlp-bert-base-japanese-v3,1,product_inquiry,product_inquiry
syn-ja-full-0028,bert_ja,tohoku-nlp-bert-base-japanese-v3,1,technical_issue,technical_issue
syn-ja-full-0030,bert_ja,tohoku-nlp-bert-base-japanese-v3,1,product_inquiry,product_inquiry
syn-ja-full-0041,bert_ja,tohoku-nlp-bert-base-japanese-v3,1,product_inquiry,product_inquiry
syn-ja-full-0042,bert_ja,tohoku-nlp-bert-base-japanese-v3,1,product_inquiry,product_inquiry
syn-ja-full-0052,bert_ja,tohoku-nlp-bert-base-japanese-v3,1,billing,billing
syn-ja-full-0060,bert_ja,tohoku-nlp-bert-base-japanese-v3,1,technical_issue,technical_issue
syn-ja-full-0077,bert_ja,tohoku-nlp-bert-base-japanese-v3,1,billing,billing
syn-ja-full-0091,bert_ja,tohoku-nlp-bert-base-japanese-v3,1,account_support,account_support
syn-ja-full-0097,bert_ja,tohoku-nlp-bert-base-japanese-v3,1,product_inquiry,product_inquiry
syn-ja-full-0100,bert_ja,tohoku-nlp-bert-base-japanese-v3,1,product_inquiry,product_inquiry
syn-ja-full-0102,bert_ja,tohoku-nlp-bert-base-japanese-v3,1,technical_issue,billing
syn-ja-full-0112,bert_ja,tohoku-nlp-bert-base-japanese-v3,1,technical_issue,technical_issue
syn-ja-full-0116,bert_ja,tohoku-nlp-bert-base-japanese-v3,1,product_inquiry,product_inquiry
syn-ja-full-0120,bert_ja,tohoku-nlp-bert-base-japanese-v3,1,technical_issue,billing
syn-ja-full-0123,bert_ja,tohoku-nlp-bert-base-japanese-v3,1,technical_issue,billing
syn-ja-full-0125,bert_ja,tohoku-nlp-bert-base-japanese-v3,1,account_support,technical_issue
syn-ja-full-0137,bert_ja,tohoku-nlp-bert-base-japanese-v3,1,billing,billing
syn-ja-full-0142,bert_ja,tohoku-nlp-bert-base-japanese-v3,1,account_support,account_support
syn-ja-full-0146,bert_ja,tohoku-nlp-bert-base-japanese-v3,1,technical_issue,technical_issue
syn-ja-full-0154,bert_ja,tohoku-nlp-bert-base-japanese-v3,1,account_support,technical_issue
syn-ja-full-0166,bert_ja,tohoku-nlp-bert-base-japanese-v3,1,billing,billing
syn-ja-full-0167,bert_ja,tohoku-nlp-bert-base-japanese-v3,1,technical_issue,technical_issue
syn-ja-full-0177,bert_ja,tohoku-nlp-bert-base-japanese-v3,1,billing,billing
syn-ja-full-0178,bert_ja,tohoku-nlp-bert-base-japanese-v3,1,billing,billing
syn-ja-full-0187,bert_ja,tohoku-nlp-bert-base-japanese-v3,1,billing,billing
syn-ja-full-0188,bert_ja,tohoku-nlp-bert-base-japanese-v3,1,account_support,account_support
syn-ja-full-0193,bert_ja,tohoku-nlp-bert-base-japanese-v3,1,billing,billing
syn-ja-full-0199,bert_ja,tohoku-nlp-bert-base-japanese-v3,1,technical_issue,technical_issue
syn-ja-full-0203,bert_ja,tohoku-nlp-bert-base-japanese-v3,1,account_support,technical_issue
syn-ja-full-0205,bert_ja,tohoku-nlp-bert-base-japanese-v3,1,technical_issue,billing
syn-ja-full-0218,bert_ja,tohoku-nlp-bert-base-japanese-v3,1,technical_issue,technical_issue
syn-ja-full-0219,bert_ja,tohoku-nlp-bert-base-japanese-v3,1,technical_issue,technical_issue
syn-ja-full-0220,bert_ja,tohoku-nlp-bert-base-japanese-v3,1,technical_issue,billing
syn-ja-full-0221,bert_ja,tohoku-nlp-bert-base-japanese-v3,1,product_inquiry,product_inquiry
syn-ja-full-0227,bert_ja,tohoku-nlp-bert-base-japanese-v3,1,technical_issue,billing
syn-ja-full-0230,bert_ja,tohoku-nlp-bert-base-japanese-v3,1,account_support,billing
syn-ja-full-0232,bert_ja,tohoku-nlp-bert-base-japanese-v3,1,technical_issue,technical_issue
syn-ja-full-0236,bert_ja,tohoku-nlp-bert-base-japanese-v3,1,billing,billing
syn-ja-full-0243,bert_ja,tohoku-nlp-bert-base-japanese-v3,1,product_inquiry,product_inquiry
syn-ja-full-0250,bert_ja,tohoku-nlp-bert-base-japanese-v3,1,billing,billing
syn-ja-full-0256,bert_ja,tohoku-nlp-bert-base-japanese-v3,1,billing,billing
syn-ja-full-0259,bert_ja,tohoku-nlp-bert-base-japanese-v3,1,product_inquiry,product_inquiry
syn-ja-full-0264,bert_ja,tohoku-nlp-bert-base-japanese-v3,1,product_inquiry,product_inquiry
syn-ja-full-0272,bert_ja,tohoku-nlp-bert-base-japanese-v3,1,product_inquiry,product_inquiry
syn-ja-full-0277,bert_ja,tohoku-nlp-bert-base-japanese-v3,1,technical_issue,billing
syn-ja-full-0284,bert_ja,tohoku-nlp-bert-base-japanese-v3,1,product_inquiry,product_inquiry
syn-ja-full-0285,bert_ja,tohoku-nlp-bert-base-japanese-v3,1,product_inquiry,product_inquiry
syn-ja-full-0286,bert_ja,tohoku-nlp-bert-base-japanese-v3,1,account_support,account_support
syn-ja-full-0288,bert_ja,tohoku-nlp-bert-base-japanese-v3,1,billing,billing
syn-ja-full-0291,bert_ja,tohoku-nlp-bert-base-japanese-v3,1,technical_issue,billing
syn-ja-full-0295,bert_ja,tohoku-nlp-bert-base-japanese-v3,1,account_support,account_support
syn-ja-full-0302,bert_ja,tohoku-nlp-bert-base-japanese-v3,1,technical_issue,technical_issue
syn-ja-full-0303,bert_ja,tohoku-nlp-bert-base-japanese-v3,1,account_support,account_support
syn-ja-full-0309,bert_ja,tohoku-nlp-bert-base-japanese-v3,1,technical_issue,technical_issue
syn-ja-full-0310,bert_ja,tohoku-nlp-bert-base-japanese-v3,1,billing,billing
syn-ja-full-0314,bert_ja,tohoku-nlp-bert-base-japanese-v3,1,product_inquiry,product_inquiry
syn-ja-full-0319,bert_ja,tohoku-nlp-bert-base-japanese-v3,1,product_inquiry,product_inquiry
syn-ja-full-0322,bert_ja,tohoku-nlp-bert-base-japanese-v3,1,technical_issue,technical_issue
syn-ja-full-0325,bert_ja,tohoku-nlp-bert-base-japanese-v3,1,account_support,account_support
syn-ja-full-0337,bert_ja,tohoku-nlp-bert-base-japanese-v3,1,billing,billing
syn-ja-full-0338,bert_ja,tohoku-nlp-bert-base-japanese-v3,1,technical_issue,technical_issue
syn-ja-full-0341,bert_ja,tohoku-nlp-bert-base-japanese-v3,1,billing,billing
syn-ja-full-0343,bert_ja,tohoku-nlp-bert-base-japanese-v3,1,technical_issue,technical_issue
syn-ja-full-0350,bert_ja,tohoku-nlp-bert-base-japanese-v3,1,technical_issue,billing
syn-ja-full-0353,bert_ja,tohoku-nlp-bert-base-japanese-v3,1,product_inquiry,product_inquiry
syn-ja-full-0354,bert_ja,tohoku-nlp-bert-base-japanese-v3,1,product_inquiry,product_inquiry
syn-ja-full-0358,bert_ja,tohoku-nlp-bert-base-japanese-v3,1,account_support,account_support
syn-ja-full-0362,bert_ja,tohoku-nlp-bert-base-japanese-v3,1,technical_issue,billing
syn-ja-full-0363,bert_ja,tohoku-nlp-bert-base-japanese-v3,1,technical_issue,technical_issue
syn-ja-full-0365,bert_ja,tohoku-nlp-bert-base-japanese-v3,1,technical_issue,technical_issue
syn-ja-full-0372,bert_ja,tohoku-nlp-bert-base-japanese-v3,1,technical_issue,technical_issue
syn-ja-full-0375,bert_ja,tohoku-nlp-bert-base-japanese-v3,1,product_inquiry,product_inquiry
syn-ja-full-0383,bert_ja,tohoku-nlp-bert-base-japanese-v3,1,account_support,account_support
syn-ja-full-0395,bert_ja,tohoku-nlp-bert-base-japanese-v3,1,technical_issue,billing
syn-ja-full-0398,bert_ja,tohoku-nlp-bert-base-japanese-v3,1,technical_issue,billing
syn-ja-full-0401,bert_ja,tohoku-nlp-bert-base-japanese-v3,1,technical_issue,technical_issue
syn-ja-full-0407,bert_ja,tohoku-nlp-bert-base-japanese-v3,1,technical_issue,billing
syn-ja-full-0412,bert_ja,tohoku-nlp-bert-base-japanese-v3,1,product_inquiry,product_inquiry
syn-ja-full-0420,bert_ja,tohoku-nlp-bert-base-japanese-v3,1,technical_issue,billing
syn-ja-full-0425,bert_ja,tohoku-nlp-bert-base-japanese-v3,1,technical_issue,billing
syn-ja-full-0443,bert_ja,tohoku-nlp-bert-base-japanese-v3,1,technical_issue,technical_issue
syn-ja-full-0444,bert_ja,tohoku-nlp-bert-base-japanese-v3,1,billing,billing
syn-ja-full-0447,bert_ja,tohoku-nlp-bert-base-japanese-v3,1,billing,billing
syn-ja-full-0448,bert_ja,tohoku-nlp-bert-base-japanese-v3,1,technical_issue,billing
syn-ja-full-0460,bert_ja,tohoku-nlp-bert-base-japanese-v3,1,technical_issue,billing
syn-ja-full-0461,bert_ja,tohoku-nlp-bert-base-japanese-v3,1,billing,billing
syn-ja-full-0463,bert_ja,tohoku-nlp-bert-base-japanese-v3,1,account_support,account_support
syn-ja-full-0464,bert_ja,tohoku-nlp-bert-base-japanese-v3,1,billing,billing
syn-ja-full-0465,bert_ja,tohoku-nlp-bert-base-japanese-v3,1,technical_issue,technical_issue
syn-ja-full-0469,bert_ja,tohoku-nlp-bert-base-japanese-v3,1,technical_issue,billing
syn-ja-full-0470,bert_ja,tohoku-nlp-bert-base-japanese-v3,1,product_inquiry,product_inquiry
syn-ja-full-0473,bert_ja,tohoku-nlp-bert-base-japanese-v3,1,technical_issue,technical_issue
syn-ja-full-0474,bert_ja,tohoku-nlp-bert-base-japanese-v3,1,technical_issue,technical_issue
syn-ja-full-0477,bert_ja,tohoku-nlp-bert-base-japanese-v3,1,product_inquiry,product_inquiry
syn-ja-full-0481,bert_ja,tohoku-nlp-bert-base-japanese-v3,1,technical_issue,billing
syn-ja-full-0482,bert_ja,tohoku-nlp-bert-base-japanese-v3,1,account_support,account_support
syn-ja-full-0489,bert_ja,tohoku-nlp-bert-base-japanese-v3,1,billing,billing
syn-ja-full-0493,bert_ja,tohoku-nlp-bert-base-japanese-v3,1,account_support,account_support
syn-ja-full-0507,bert_ja,tohoku-nlp-bert-base-japanese-v3,1,product_inquiry,product_inquiry
syn-ja-full-0515,bert_ja,tohoku-nlp-bert-base-japanese-v3,1,account_support,account_support
syn-ja-full-0516,bert_ja,tohoku-nlp-bert-base-japanese-v3,1,technical_issue,billing
syn-ja-full-0523,bert_ja,tohoku-nlp-bert-base-japanese-v3,1,billing,billing
syn-ja-full-0525,bert_ja,tohoku-nlp-bert-base-japanese-v3,1,billing,billing
syn-ja-full-0529,bert_ja,tohoku-nlp-bert-base-japanese-v3,1,account_support,account_support
syn-ja-full-0530,bert_ja,tohoku-nlp-bert-base-japanese-v3,1,technical_issue,billing
syn-ja-full-0537,bert_ja,tohoku-nlp-bert-base-japanese-v3,1,technical_issue,technical_issue
syn-ja-full-0542,bert_ja,tohoku-nlp-bert-base-japanese-v3,1,technical_issue,technical_issue
syn-ja-full-0545,bert_ja,tohoku-nlp-bert-base-japanese-v3,1,account_support,account_support
syn-ja-full-0556,bert_ja,tohoku-nlp-bert-base-japanese-v3,1,account_support,technical_issue
syn-ja-full-0562,bert_ja,tohoku-nlp-bert-base-japanese-v3,1,technical_issue,billing
syn-ja-full-0565,bert_ja,tohoku-nlp-bert-base-japanese-v3,1,account_support,account_support
syn-ja-full-0572,bert_ja,tohoku-nlp-bert-base-japanese-v3,1,product_inquiry,product_inquiry
syn-ja-full-0585,bert_ja,tohoku-nlp-bert-base-japanese-v3,1,technical_issue,billing
syn-ja-full-0590,bert_ja,tohoku-nlp-bert-base-japanese-v3,1,account_support,billing
syn-ja-full-0594,bert_ja,tohoku-nlp-bert-base-japanese-v3,1,account_support,account_support
syn-ja-full-0595,bert_ja,tohoku-nlp-bert-base-japanese-v3,1,technical_issue,billing
syn-ja-full-0596,bert_ja,tohoku-nlp-bert-base-japanese-v3,1,technical_issue,technical_issue
syn-ja-full-0597,bert_ja,tohoku-nlp-bert-base-japanese-v3,1,technical_issue,billing
syn-ja-full-0598,bert_ja,tohoku-nlp-bert-base-japanese-v3,1,billing,billing
syn-ja-full-0600,bert_ja,tohoku-nlp-bert-base-japanese-v3,1,billing,billing
syn-ja-full-0601,bert_ja,tohoku-nlp-bert-base-japanese-v3,1,account_support,account_support
syn-ja-full-0602,bert_ja,tohoku-nlp-bert-base-japanese-v3,1,technical_issue,billing
syn-ja-full-0615,bert_ja,tohoku-nlp-bert-base-japanese-v3,1,technical_issue,technical_issue
syn-ja-full-0618,bert_ja,tohoku-nlp-bert-base-japanese-v3,1,billing,billing
syn-ja-full-0621,bert_ja,tohoku-nlp-bert-base-japanese-v3,1,account_support,account_support
syn-ja-full-0624,bert_ja,tohoku-nlp-bert-base-japanese-v3,1,technical_issue,billing
syn-ja-full-0626,bert_ja,tohoku-nlp-bert-base-japanese-v3,1,billing,billing
syn-ja-full-0628,bert_ja,tohoku-nlp-bert-base-japanese-v3,1,technical_issue,technical_issue
syn-ja-full-0631,bert_ja,tohoku-nlp-bert-base-japanese-v3,1,technical_issue,billing
syn-ja-full-0634,bert_ja,tohoku-nlp-bert-base-japanese-v3,1,account_support,technical_issue
syn-ja-full-0635,bert_ja,tohoku-nlp-bert-base-japanese-v3,1,billing,billing
syn-ja-full-0642,bert_ja,tohoku-nlp-bert-base-japanese-v3,1,technical_issue,technical_issue
syn-ja-full-0646,bert_ja,tohoku-nlp-bert-base-japanese-v3,1,account_support,technical_issue
syn-ja-full-0648,bert_ja,tohoku-nlp-bert-base-japanese-v3,1,billing,billing
syn-ja-full-0664,bert_ja,tohoku-nlp-bert-base-japanese-v3,1,product_inquiry,product_inquiry
syn-ja-full-0669,bert_ja,tohoku-nlp-bert-base-japanese-v3,1,account_support,account_support
syn-ja-full-0673,bert_ja,tohoku-nlp-bert-base-japanese-v3,1,technical_issue,billing
syn-ja-full-0675,bert_ja,tohoku-nlp-bert-base-japanese-v3,1,account_support,billing
syn-ja-full-0685,bert_ja,tohoku-nlp-bert-base-japanese-v3,1,account_support,account_support
syn-ja-full-0693,bert_ja,tohoku-nlp-bert-base-japanese-v3,1,technical_issue,billing
syn-ja-full-0700,bert_ja,tohoku-nlp-bert-base-japanese-v3,1,product_inquiry,product_inquiry
syn-ja-full-0709,bert_ja,tohoku-nlp-bert-base-japanese-v3,1,account_support,account_support
syn-ja-full-0712,bert_ja,tohoku-nlp-bert-base-japanese-v3,1,billing,billing
syn-ja-full-0713,bert_ja,tohoku-nlp-bert-base-japanese-v3,1,technical_issue,billing
syn-ja-full-0715,bert_ja,tohoku-nlp-bert-base-japanese-v3,1,billing,billing
syn-ja-full-0717,bert_ja,tohoku-nlp-bert-base-japanese-v3,1,technical_issue,technical_issue
syn-ja-full-0723,bert_ja,tohoku-nlp-bert-base-japanese-v3,1,product_inquiry,product_inquiry
syn-ja-full-0734,bert_ja,tohoku-nlp-bert-base-japanese-v3,1,technical_issue,billing
syn-ja-full-0738,bert_ja,tohoku-nlp-bert-base-japanese-v3,1,product_inquiry,product_inquiry
syn-ja-full-0745,bert_ja,tohoku-nlp-bert-base-japanese-v3,1,technical_issue,technical_issue
syn-ja-full-0752,bert_ja,tohoku-nlp-bert-base-japanese-v3,1,product_inquiry,product_inquiry
syn-ja-full-0754,bert_ja,tohoku-nlp-bert-base-japanese-v3,1,product_inquiry,product_inquiry
syn-ja-full-0773,bert_ja,tohoku-nlp-bert-base-japanese-v3,1,billing,billing
syn-ja-full-0776,bert_ja,tohoku-nlp-bert-base-japanese-v3,1,billing,billing
syn-ja-full-0777,bert_ja,tohoku-nlp-bert-base-japanese-v3,1,account_support,technical_issue
syn-ja-full-0778,bert_ja,tohoku-nlp-bert-base-japanese-v3,1,product_inquiry,product_inquiry
syn-ja-full-0779,bert_ja,tohoku-nlp-bert-base-japanese-v3,1,product_inquiry,product_inquiry
syn-ja-full-0791,bert_ja,tohoku-nlp-bert-base-japanese-v3,1,technical_issue,billing
syn-ja-full-0792,bert_ja,tohoku-nlp-bert-base-japanese-v3,1,account_support,technical_issue
syn-ja-full-0008,bert_ja,tohoku-nlp-bert-base-japanese-v3,2,technical_issue,technical_issue
syn-ja-full-0012,bert_ja,tohoku-nlp-bert-base-japanese-v3,2,account_support,account_support
syn-ja-full-0014,bert_ja,tohoku-nlp-bert-base-japanese-v3,2,account_support,account_support
syn-ja-full-0053,bert_ja,tohoku-nlp-bert-base-japanese-v3,2,product_inquiry,product_inquiry
syn-ja-full-0059,bert_ja,tohoku-nlp-bert-base-japanese-v3,2,account_support,account_support
syn-ja-full-0061,bert_ja,tohoku-nlp-bert-base-japanese-v3,2,product_inquiry,technical_issue
syn-ja-full-0062,bert_ja,tohoku-nlp-bert-base-japanese-v3,2,account_support,account_support
syn-ja-full-0063,bert_ja,tohoku-nlp-bert-base-japanese-v3,2,product_inquiry,product_inquiry
syn-ja-full-0064,bert_ja,tohoku-nlp-bert-base-japanese-v3,2,technical_issue,technical_issue
syn-ja-full-0071,bert_ja,tohoku-nlp-bert-base-japanese-v3,2,technical_issue,technical_issue
syn-ja-full-0076,bert_ja,tohoku-nlp-bert-base-japanese-v3,2,technical_issue,technical_issue
syn-ja-full-0082,bert_ja,tohoku-nlp-bert-base-japanese-v3,2,product_inquiry,technical_issue
syn-ja-full-0085,bert_ja,tohoku-nlp-bert-base-japanese-v3,2,product_inquiry,technical_issue
syn-ja-full-0087,bert_ja,tohoku-nlp-bert-base-japanese-v3,2,billing,billing
syn-ja-full-0090,bert_ja,tohoku-nlp-bert-base-japanese-v3,2,billing,billing
syn-ja-full-0094,bert_ja,tohoku-nlp-bert-base-japanese-v3,2,technical_issue,technical_issue
syn-ja-full-0095,bert_ja,tohoku-nlp-bert-base-japanese-v3,2,product_inquiry,product_inquiry
syn-ja-full-0105,bert_ja,tohoku-nlp-bert-base-japanese-v3,2,account_support,account_support
syn-ja-full-0110,bert_ja,tohoku-nlp-bert-base-japanese-v3,2,billing,billing
syn-ja-full-0118,bert_ja,tohoku-nlp-bert-base-japanese-v3,2,billing,billing
syn-ja-full-0121,bert_ja,tohoku-nlp-bert-base-japanese-v3,2,billing,billing
syn-ja-full-0124,bert_ja,tohoku-nlp-bert-base-japanese-v3,2,technical_issue,technical_issue
syn-ja-full-0131,bert_ja,tohoku-nlp-bert-base-japanese-v3,2,billing,billing
syn-ja-full-0132,bert_ja,tohoku-nlp-bert-base-japanese-v3,2,account_support,account_support
syn-ja-full-0141,bert_ja,tohoku-nlp-bert-base-japanese-v3,2,account_support,account_support
syn-ja-full-0144,bert_ja,tohoku-nlp-bert-base-japanese-v3,2,technical_issue,technical_issue
syn-ja-full-0150,bert_ja,tohoku-nlp-bert-base-japanese-v3,2,billing,billing
syn-ja-full-0151,bert_ja,tohoku-nlp-bert-base-japanese-v3,2,billing,billing
syn-ja-full-0160,bert_ja,tohoku-nlp-bert-base-japanese-v3,2,technical_issue,technical_issue
syn-ja-full-0162,bert_ja,tohoku-nlp-bert-base-japanese-v3,2,product_inquiry,product_inquiry
syn-ja-full-0163,bert_ja,tohoku-nlp-bert-base-japanese-v3,2,account_support,account_support
syn-ja-full-0164,bert_ja,tohoku-nlp-bert-base-japanese-v3,2,billing,billing
syn-ja-full-0165,bert_ja,tohoku-nlp-bert-base-japanese-v3,2,technical_issue,technical_issue
syn-ja-full-0173,bert_ja,tohoku-nlp-bert-base-japanese-v3,2,technical_issue,technical_issue
syn-ja-full-0175,bert_ja,tohoku-nlp-bert-base-japanese-v3,2,account_support,account_support
syn-ja-full-0179,bert_ja,tohoku-nlp-bert-base-japanese-v3,2,technical_issue,technical_issue
syn-ja-full-0192,bert_ja,tohoku-nlp-bert-base-japanese-v3,2,account_support,account_support
syn-ja-full-0195,bert_ja,tohoku-nlp-bert-base-japanese-v3,2,technical_issue,technical_issue
syn-ja-full-0206,bert_ja,tohoku-nlp-bert-base-japanese-v3,2,product_inquiry,technical_issue
syn-ja-full-0215,bert_ja,tohoku-nlp-bert-base-japanese-v3,2,technical_issue,technical_issue
syn-ja-full-0229,bert_ja,tohoku-nlp-bert-base-japanese-v3,2,product_inquiry,technical_issue
syn-ja-full-0268,bert_ja,tohoku-nlp-bert-base-japanese-v3,2,technical_issue,technical_issue
syn-ja-full-0269,bert_ja,tohoku-nlp-bert-base-japanese-v3,2,technical_issue,technical_issue
syn-ja-full-0270,bert_ja,tohoku-nlp-bert-base-japanese-v3,2,account_support,account_support
syn-ja-full-0274,bert_ja,tohoku-nlp-bert-base-japanese-v3,2,billing,billing
syn-ja-full-0275,bert_ja,tohoku-nlp-bert-base-japanese-v3,2,product_inquiry,technical_issue
syn-ja-full-0276,bert_ja,tohoku-nlp-bert-base-japanese-v3,2,billing,billing
syn-ja-full-0297,bert_ja,tohoku-nlp-bert-base-japanese-v3,2,technical_issue,technical_issue
syn-ja-full-0298,bert_ja,tohoku-nlp-bert-base-japanese-v3,2,technical_issue,technical_issue
syn-ja-full-0304,bert_ja,tohoku-nlp-bert-base-japanese-v3,2,account_support,account_support
syn-ja-full-0311,bert_ja,tohoku-nlp-bert-base-japanese-v3,2,technical_issue,technical_issue
syn-ja-full-0312,bert_ja,tohoku-nlp-bert-base-japanese-v3,2,billing,billing
syn-ja-full-0321,bert_ja,tohoku-nlp-bert-base-japanese-v3,2,account_support,account_support
syn-ja-full-0328,bert_ja,tohoku-nlp-bert-base-japanese-v3,2,account_support,account_support
syn-ja-full-0330,bert_ja,tohoku-nlp-bert-base-japanese-v3,2,billing,billing
syn-ja-full-0340,bert_ja,tohoku-nlp-bert-base-japanese-v3,2,account_support,account_support
syn-ja-full-0347,bert_ja,tohoku-nlp-bert-base-japanese-v3,2,account_support,account_support
syn-ja-full-0348,bert_ja,tohoku-nlp-bert-base-japanese-v3,2,technical_issue,technical_issue
syn-ja-full-0360,bert_ja,tohoku-nlp-bert-base-japanese-v3,2,account_support,account_support
syn-ja-full-0388,bert_ja,tohoku-nlp-bert-base-japanese-v3,2,billing,billing
syn-ja-full-0390,bert_ja,tohoku-nlp-bert-base-japanese-v3,2,product_inquiry,product_inquiry
syn-ja-full-0396,bert_ja,tohoku-nlp-bert-base-japanese-v3,2,account_support,account_support
syn-ja-full-0408,bert_ja,tohoku-nlp-bert-base-japanese-v3,2,billing,billing
syn-ja-full-0411,bert_ja,tohoku-nlp-bert-base-japanese-v3,2,technical_issue,technical_issue
syn-ja-full-0422,bert_ja,tohoku-nlp-bert-base-japanese-v3,2,product_inquiry,technical_issue
syn-ja-full-0423,bert_ja,tohoku-nlp-bert-base-japanese-v3,2,billing,billing
syn-ja-full-0428,bert_ja,tohoku-nlp-bert-base-japanese-v3,2,billing,billing
syn-ja-full-0434,bert_ja,tohoku-nlp-bert-base-japanese-v3,2,product_inquiry,technical_issue
syn-ja-full-0437,bert_ja,tohoku-nlp-bert-base-japanese-v3,2,product_inquiry,technical_issue
syn-ja-full-0439,bert_ja,tohoku-nlp-bert-base-japanese-v3,2,billing,billing
syn-ja-full-0445,bert_ja,tohoku-nlp-bert-base-japanese-v3,2,billing,billing
syn-ja-full-0451,bert_ja,tohoku-nlp-bert-base-japanese-v3,2,technical_issue,technical_issue
syn-ja-full-0457,bert_ja,tohoku-nlp-bert-base-japanese-v3,2,technical_issue,technical_issue
syn-ja-full-0458,bert_ja,tohoku-nlp-bert-base-japanese-v3,2,billing,billing
syn-ja-full-0462,bert_ja,tohoku-nlp-bert-base-japanese-v3,2,product_inquiry,technical_issue
syn-ja-full-0468,bert_ja,tohoku-nlp-bert-base-japanese-v3,2,billing,billing
syn-ja-full-0478,bert_ja,tohoku-nlp-bert-base-japanese-v3,2,technical_issue,technical_issue
syn-ja-full-0485,bert_ja,tohoku-nlp-bert-base-japanese-v3,2,technical_issue,technical_issue
syn-ja-full-0491,bert_ja,tohoku-nlp-bert-base-japanese-v3,2,account_support,account_support
syn-ja-full-0492,bert_ja,tohoku-nlp-bert-base-japanese-v3,2,account_support,account_support
syn-ja-full-0498,bert_ja,tohoku-nlp-bert-base-japanese-v3,2,account_support,account_support
syn-ja-full-0499,bert_ja,tohoku-nlp-bert-base-japanese-v3,2,account_support,account_support
syn-ja-full-0501,bert_ja,tohoku-nlp-bert-base-japanese-v3,2,billing,billing
syn-ja-full-0504,bert_ja,tohoku-nlp-bert-base-japanese-v3,2,product_inquiry,product_inquiry
syn-ja-full-0509,bert_ja,tohoku-nlp-bert-base-japanese-v3,2,technical_issue,technical_issue
syn-ja-full-0511,bert_ja,tohoku-nlp-bert-base-japanese-v3,2,product_inquiry,technical_issue
syn-ja-full-0512,bert_ja,tohoku-nlp-bert-base-japanese-v3,2,billing,billing
syn-ja-full-0520,bert_ja,tohoku-nlp-bert-base-japanese-v3,2,product_inquiry,technical_issue
syn-ja-full-0522,bert_ja,tohoku-nlp-bert-base-japanese-v3,2,product_inquiry,product_inquiry
syn-ja-full-0539,bert_ja,tohoku-nlp-bert-base-japanese-v3,2,product_inquiry,technical_issue
syn-ja-full-0541,bert_ja,tohoku-nlp-bert-base-japanese-v3,2,technical_issue,technical_issue
syn-ja-full-0553,bert_ja,tohoku-nlp-bert-base-japanese-v3,2,product_inquiry,product_inquiry
syn-ja-full-0554,bert_ja,tohoku-nlp-bert-base-japanese-v3,2,technical_issue,technical_issue
syn-ja-full-0558,bert_ja,tohoku-nlp-bert-base-japanese-v3,2,account_support,account_support
syn-ja-full-0561,bert_ja,tohoku-nlp-bert-base-japanese-v3,2,billing,billing
syn-ja-full-0563,bert_ja,tohoku-nlp-bert-base-japanese-v3,2,billing,billing
syn-ja-full-0567,bert_ja,tohoku-nlp-bert-base-japanese-v3,2,account_support,account_support
syn-ja-full-0580,bert_ja,tohoku-nlp-bert-base-japanese-v3,2,billing,billing
syn-ja-full-0592,bert_ja,tohoku-nlp-bert-base-japanese-v3,2,account_support,account_support
syn-ja-full-0606,bert_ja,tohoku-nlp-bert-base-japanese-v3,2,technical_issue,technical_issue
syn-ja-full-0611,bert_ja,tohoku-nlp-bert-base-japanese-v3,2,account_support,account_support
syn-ja-full-0614,bert_ja,tohoku-nlp-bert-base-japanese-v3,2,account_support,account_support
syn-ja-full-0620,bert_ja,tohoku-nlp-bert-base-japanese-v3,2,technical_issue,technical_issue
syn-ja-full-0622,bert_ja,tohoku-nlp-bert-base-japanese-v3,2,product_inquiry,technical_issue
syn-ja-full-0633,bert_ja,tohoku-nlp-bert-base-japanese-v3,2,technical_issue,technical_issue
syn-ja-full-0638,bert_ja,tohoku-nlp-bert-base-japanese-v3,2,product_inquiry,product_inquiry
syn-ja-full-0641,bert_ja,tohoku-nlp-bert-base-japanese-v3,2,account_support,account_support
syn-ja-full-0650,bert_ja,tohoku-nlp-bert-base-japanese-v3,2,account_support,account_support
syn-ja-full-0660,bert_ja,tohoku-nlp-bert-base-japanese-v3,2,account_support,account_support
syn-ja-full-0663,bert_ja,tohoku-nlp-bert-base-japanese-v3,2,billing,billing
syn-ja-full-0674,bert_ja,tohoku-nlp-bert-base-japanese-v3,2,product_inquiry,product_inquiry
syn-ja-full-0678,bert_ja,tohoku-nlp-bert-base-japanese-v3,2,product_inquiry,technical_issue
syn-ja-full-0682,bert_ja,tohoku-nlp-bert-base-japanese-v3,2,account_support,account_support
syn-ja-full-0686,bert_ja,tohoku-nlp-bert-base-japanese-v3,2,technical_issue,technical_issue
syn-ja-full-0696,bert_ja,tohoku-nlp-bert-base-japanese-v3,2,product_inquiry,technical_issue
syn-ja-full-0703,bert_ja,tohoku-nlp-bert-base-japanese-v3,2,billing,billing
syn-ja-full-0704,bert_ja,tohoku-nlp-bert-base-japanese-v3,2,billing,billing
syn-ja-full-0711,bert_ja,tohoku-nlp-bert-base-japanese-v3,2,billing,billing
syn-ja-full-0720,bert_ja,tohoku-nlp-bert-base-japanese-v3,2,product_inquiry,product_inquiry
syn-ja-full-0721,bert_ja,tohoku-nlp-bert-base-japanese-v3,2,billing,billing
syn-ja-full-0727,bert_ja,tohoku-nlp-bert-base-japanese-v3,2,billing,billing
syn-ja-full-0729,bert_ja,tohoku-nlp-bert-base-japanese-v3,2,technical_issue,technical_issue
syn-ja-full-0732,bert_ja,tohoku-nlp-bert-base-japanese-v3,2,product_inquiry,technical_issue
syn-ja-full-0740,bert_ja,tohoku-nlp-bert-base-japanese-v3,2,account_support,account_support
syn-ja-full-0746,bert_ja,tohoku-nlp-bert-base-japanese-v3,2,billing,billing
syn-ja-full-0750,bert_ja,tohoku-nlp-bert-base-japanese-v3,2,billing,billing
syn-ja-full-0753,bert_ja,tohoku-nlp-bert-base-japanese-v3,2,product_inquiry,technical_issue
syn-ja-full-0757,bert_ja,tohoku-nlp-bert-base-japanese-v3,2,product_inquiry,product_inquiry
syn-ja-full-0759,bert_ja,tohoku-nlp-bert-base-japanese-v3,2,product_inquiry,technical_issue
syn-ja-full-0765,bert_ja,tohoku-nlp-bert-base-japanese-v3,2,product_inquiry,technical_issue
syn-ja-full-0768,bert_ja,tohoku-nlp-bert-base-japanese-v3,2,product_inquiry,product_inquiry
syn-ja-full-0780,bert_ja,tohoku-nlp-bert-base-japanese-v3,2,technical_issue,technical_issue
syn-ja-full-0783,bert_ja,tohoku-nlp-bert-base-japanese-v3,2,account_support,account_support
syn-ja-full-0800,bert_ja,tohoku-nlp-bert-base-japanese-v3,2,technical_issue,technical_issue
syn-ja-full-0006,bert_ja,tohoku-nlp-bert-base-japanese-v3,3,billing,billing
syn-ja-full-0009,bert_ja,tohoku-nlp-bert-base-japanese-v3,3,account_support,account_support
syn-ja-full-0015,bert_ja,tohoku-nlp-bert-base-japanese-v3,3,technical_issue,technical_issue
syn-ja-full-0033,bert_ja,tohoku-nlp-bert-base-japanese-v3,3,billing,billing
syn-ja-full-0035,bert_ja,tohoku-nlp-bert-base-japanese-v3,3,billing,billing
syn-ja-full-0038,bert_ja,tohoku-nlp-bert-base-japanese-v3,3,billing,billing
syn-ja-full-0045,bert_ja,tohoku-nlp-bert-base-japanese-v3,3,account_support,account_support
syn-ja-full-0046,bert_ja,tohoku-nlp-bert-base-japanese-v3,3,product_inquiry,product_inquiry
syn-ja-full-0047,bert_ja,tohoku-nlp-bert-base-japanese-v3,3,account_support,account_support
syn-ja-full-0048,bert_ja,tohoku-nlp-bert-base-japanese-v3,3,account_support,account_support
syn-ja-full-0051,bert_ja,tohoku-nlp-bert-base-japanese-v3,3,billing,billing
syn-ja-full-0054,bert_ja,tohoku-nlp-bert-base-japanese-v3,3,billing,billing
syn-ja-full-0056,bert_ja,tohoku-nlp-bert-base-japanese-v3,3,technical_issue,product_inquiry
syn-ja-full-0058,bert_ja,tohoku-nlp-bert-base-japanese-v3,3,technical_issue,account_support
syn-ja-full-0067,bert_ja,tohoku-nlp-bert-base-japanese-v3,3,product_inquiry,product_inquiry
syn-ja-full-0068,bert_ja,tohoku-nlp-bert-base-japanese-v3,3,billing,account_support
syn-ja-full-0069,bert_ja,tohoku-nlp-bert-base-japanese-v3,3,billing,billing
syn-ja-full-0079,bert_ja,tohoku-nlp-bert-base-japanese-v3,3,product_inquiry,product_inquiry
syn-ja-full-0089,bert_ja,tohoku-nlp-bert-base-japanese-v3,3,account_support,account_support
syn-ja-full-0093,bert_ja,tohoku-nlp-bert-base-japanese-v3,3,billing,billing
syn-ja-full-0096,bert_ja,tohoku-nlp-bert-base-japanese-v3,3,account_support,account_support
syn-ja-full-0103,bert_ja,tohoku-nlp-bert-base-japanese-v3,3,account_support,account_support
syn-ja-full-0104,bert_ja,tohoku-nlp-bert-base-japanese-v3,3,product_inquiry,product_inquiry
syn-ja-full-0115,bert_ja,tohoku-nlp-bert-base-japanese-v3,3,billing,account_support
syn-ja-full-0128,bert_ja,tohoku-nlp-bert-base-japanese-v3,3,billing,billing
syn-ja-full-0135,bert_ja,tohoku-nlp-bert-base-japanese-v3,3,technical_issue,product_inquiry
syn-ja-full-0147,bert_ja,tohoku-nlp-bert-base-japanese-v3,3,billing,billing
syn-ja-full-0149,bert_ja,tohoku-nlp-bert-base-japanese-v3,3,billing,product_inquiry
syn-ja-full-0153,bert_ja,tohoku-nlp-bert-base-japanese-v3,3,billing,account_support
syn-ja-full-0156,bert_ja,tohoku-nlp-bert-base-japanese-v3,3,product_inquiry,account_support
syn-ja-full-0158,bert_ja,tohoku-nlp-bert-base-japanese-v3,3,technical_issue,account_support
syn-ja-full-0169,bert_ja,tohoku-nlp-bert-base-japanese-v3,3,account_support,account_support
syn-ja-full-0171,bert_ja,tohoku-nlp-bert-base-japanese-v3,3,technical_issue,technical_issue
syn-ja-full-0174,bert_ja,tohoku-nlp-bert-base-japanese-v3,3,technical_issue,account_support
syn-ja-full-0176,bert_ja,tohoku-nlp-bert-base-japanese-v3,3,billing,billing
syn-ja-full-0182,bert_ja,tohoku-nlp-bert-base-japanese-v3,3,technical_issue,account_support
syn-ja-full-0190,bert_ja,tohoku-nlp-bert-base-japanese-v3,3,product_inquiry,product_inquiry
syn-ja-full-0191,bert_ja,tohoku-nlp-bert-base-japanese-v3,3,billing,billing
syn-ja-full-0200,bert_ja,tohoku-nlp-bert-base-japanese-v3,3,technical_issue,technical_issue
syn-ja-full-0208,bert_ja,tohoku-nlp-bert-base-japanese-v3,3,product_inquiry,product_inquiry
syn-ja-full-0209,bert_ja,tohoku-nlp-bert-base-japanese-v3,3,account_support,account_support
syn-ja-full-0214,bert_ja,tohoku-nlp-bert-base-japanese-v3,3,product_inquiry,product_inquiry
syn-ja-full-0216,bert_ja,tohoku-nlp-bert-base-japanese-v3,3,account_support,account_support
syn-ja-full-0223,bert_ja,tohoku-nlp-bert-base-japanese-v3,3,billing,billing
syn-ja-full-0225,bert_ja,tohoku-nlp-bert-base-japanese-v3,3,account_support,account_support
syn-ja-full-0226,bert_ja,tohoku-nlp-bert-base-japanese-v3,3,technical_issue,technical_issue
syn-ja-full-0228,bert_ja,tohoku-nlp-bert-base-japanese-v3,3,billing,billing
syn-ja-full-0231,bert_ja,tohoku-nlp-bert-base-japanese-v3,3,billing,account_support
syn-ja-full-0234,bert_ja,tohoku-nlp-bert-base-japanese-v3,3,product_inquiry,product_inquiry
syn-ja-full-0238,bert_ja,tohoku-nlp-bert-base-japanese-v3,3,technical_issue,product_inquiry
syn-ja-full-0239,bert_ja,tohoku-nlp-bert-base-japanese-v3,3,billing,product_inquiry
syn-ja-full-0240,bert_ja,tohoku-nlp-bert-base-japanese-v3,3,billing,billing
syn-ja-full-0245,bert_ja,tohoku-nlp-bert-base-japanese-v3,3,technical_issue,product_inquiry
syn-ja-full-0273,bert_ja,tohoku-nlp-bert-base-japanese-v3,3,technical_issue,account_support
syn-ja-full-0278,bert_ja,tohoku-nlp-bert-base-japanese-v3,3,product_inquiry,product_inquiry
syn-ja-full-0279,bert_ja,tohoku-nlp-bert-base-japanese-v3,3,technical_issue,product_inquiry
syn-ja-full-0281,bert_ja,tohoku-nlp-bert-base-japanese-v3,3,billing,product_inquiry
syn-ja-full-0289,bert_ja,tohoku-nlp-bert-base-japanese-v3,3,account_support,account_support
syn-ja-full-0294,bert_ja,tohoku-nlp-bert-base-japanese-v3,3,billing,account_support
syn-ja-full-0299,bert_ja,tohoku-nlp-bert-base-japanese-v3,3,account_support,account_support
syn-ja-full-0300,bert_ja,tohoku-nlp-bert-base-japanese-v3,3,product_inquiry,product_inquiry
syn-ja-full-0301,bert_ja,tohoku-nlp-bert-base-japanese-v3,3,billing,billing
syn-ja-full-0306,bert_ja,tohoku-nlp-bert-base-japanese-v3,3,product_inquiry,product_inquiry
syn-ja-full-0307,bert_ja,tohoku-nlp-bert-base-japanese-v3,3,billing,account_support
syn-ja-full-0308,bert_ja,tohoku-nlp-bert-base-japanese-v3,3,product_inquiry,product_inquiry
syn-ja-full-0317,bert_ja,tohoku-nlp-bert-base-japanese-v3,3,account_support,account_support
syn-ja-full-0320,bert_ja,tohoku-nlp-bert-base-japanese-v3,3,billing,account_support
syn-ja-full-0324,bert_ja,tohoku-nlp-bert-base-japanese-v3,3,technical_issue,technical_issue
syn-ja-full-0326,bert_ja,tohoku-nlp-bert-base-japanese-v3,3,product_inquiry,product_inquiry
syn-ja-full-0327,bert_ja,tohoku-nlp-bert-base-japanese-v3,3,billing,billing
syn-ja-full-0329,bert_ja,tohoku-nlp-bert-base-japanese-v3,3,billing,billing
syn-ja-full-0342,bert_ja,tohoku-nlp-bert-base-japanese-v3,3,technical_issue,technical_issue
syn-ja-full-0352,bert_ja,tohoku-nlp-bert-base-japanese-v3,3,product_inquiry,product_inquiry
syn-ja-full-0359,bert_ja,tohoku-nlp-bert-base-japanese-v3,3,product_inquiry,product_inquiry
syn-ja-full-0361,bert_ja,tohoku-nlp-bert-base-japanese-v3,3,product_inquiry,product_inquiry
syn-ja-full-0371,bert_ja,tohoku-nlp-bert-base-japanese-v3,3,account_support,account_support
syn-ja-full-0373,bert_ja,tohoku-nlp-bert-base-japanese-v3,3,billing,billing
syn-ja-full-0374,bert_ja,tohoku-nlp-bert-base-japanese-v3,3,product_inquiry,product_inquiry
syn-ja-full-0379,bert_ja,tohoku-nlp-bert-base-japanese-v3,3,billing,account_support
syn-ja-full-0384,bert_ja,tohoku-nlp-bert-base-japanese-v3,3,billing,account_support
syn-ja-full-0392,bert_ja,tohoku-nlp-bert-base-japanese-v3,3,account_support,account_support
syn-ja-full-0393,bert_ja,tohoku-nlp-bert-base-japanese-v3,3,billing,billing
syn-ja-full-0397,bert_ja,tohoku-nlp-bert-base-japanese-v3,3,product_inquiry,product_inquiry
syn-ja-full-0399,bert_ja,tohoku-nlp-bert-base-japanese-v3,3,billing,billing
syn-ja-full-0400,bert_ja,tohoku-nlp-bert-base-japanese-v3,3,billing,billing
syn-ja-full-0402,bert_ja,tohoku-nlp-bert-base-japanese-v3,3,technical_issue,technical_issue
syn-ja-full-0406,bert_ja,tohoku-nlp-bert-base-japanese-v3,3,billing,billing
syn-ja-full-0409,bert_ja,tohoku-nlp-bert-base-japanese-v3,3,billing,billing
syn-ja-full-0415,bert_ja,tohoku-nlp-bert-base-japanese-v3,3,account_support,account_support
syn-ja-full-0416,bert_ja,tohoku-nlp-bert-base-japanese-v3,3,billing,product_inquiry
syn-ja-full-0427,bert_ja,tohoku-nlp-bert-base-japanese-v3,3,billing,billing
syn-ja-full-0431,bert_ja,tohoku-nlp-bert-base-japanese-v3,3,technical_issue,technical_issue
syn-ja-full-0432,bert_ja,tohoku-nlp-bert-base-japanese-v3,3,billing,account_support
syn-ja-full-0433,bert_ja,tohoku-nlp-bert-base-japanese-v3,3,account_support,account_support
syn-ja-full-0435,bert_ja,tohoku-nlp-bert-base-japanese-v3,3,billing,billing
syn-ja-full-0436,bert_ja,tohoku-nlp-bert-base-japanese-v3,3,account_support,account_support
syn-ja-full-0441,bert_ja,tohoku-nlp-bert-base-japanese-v3,3,product_inquiry,account_support
syn-ja-full-0442,bert_ja,tohoku-nlp-bert-base-japanese-v3,3,billing,billing
syn-ja-full-0450,bert_ja,tohoku-nlp-bert-base-japanese-v3,3,technical_issue,technical_issue
syn-ja-full-0455,bert_ja,tohoku-nlp-bert-base-japanese-v3,3,product_inquiry,product_inquiry
syn-ja-full-0484,bert_ja,tohoku-nlp-bert-base-japanese-v3,3,product_inquiry,product_inquiry
syn-ja-full-0486,bert_ja,tohoku-nlp-bert-base-japanese-v3,3,technical_issue,account_support
syn-ja-full-0518,bert_ja,tohoku-nlp-bert-base-japanese-v3,3,account_support,account_support
syn-ja-full-0521,bert_ja,tohoku-nlp-bert-base-japanese-v3,3,billing,account_support
syn-ja-full-0533,bert_ja,tohoku-nlp-bert-base-japanese-v3,3,product_inquiry,product_inquiry
syn-ja-full-0536,bert_ja,tohoku-nlp-bert-base-japanese-v3,3,technical_issue,account_support
syn-ja-full-0544,bert_ja,tohoku-nlp-bert-base-japanese-v3,3,billing,product_inquiry
syn-ja-full-0546,bert_ja,tohoku-nlp-bert-base-japanese-v3,3,billing,billing
syn-ja-full-0549,bert_ja,tohoku-nlp-bert-base-japanese-v3,3,billing,product_inquiry
syn-ja-full-0550,bert_ja,tohoku-nlp-bert-base-japanese-v3,3,billing,billing
syn-ja-full-0560,bert_ja,tohoku-nlp-bert-base-japanese-v3,3,billing,billing
syn-ja-full-0568,bert_ja,tohoku-nlp-bert-base-japanese-v3,3,billing,billing
syn-ja-full-0578,bert_ja,tohoku-nlp-bert-base-japanese-v3,3,product_inquiry,product_inquiry
syn-ja-full-0579,bert_ja,tohoku-nlp-bert-base-japanese-v3,3,billing,billing
syn-ja-full-0581,bert_ja,tohoku-nlp-bert-base-japanese-v3,3,billing,billing
syn-ja-full-0587,bert_ja,tohoku-nlp-bert-base-japanese-v3,3,billing,account_support
syn-ja-full-0607,bert_ja,tohoku-nlp-bert-base-japanese-v3,3,account_support,account_support
syn-ja-full-0610,bert_ja,tohoku-nlp-bert-base-japanese-v3,3,product_inquiry,product_inquiry
syn-ja-full-0612,bert_ja,tohoku-nlp-bert-base-japanese-v3,3,product_inquiry,product_inquiry
syn-ja-full-0623,bert_ja,tohoku-nlp-bert-base-japanese-v3,3,billing,account_support
syn-ja-full-0625,bert_ja,tohoku-nlp-bert-base-japanese-v3,3,billing,account_support
syn-ja-full-0627,bert_ja,tohoku-nlp-bert-base-japanese-v3,3,technical_issue,technical_issue
syn-ja-full-0629,bert_ja,tohoku-nlp-bert-base-japanese-v3,3,billing,product_inquiry
syn-ja-full-0632,bert_ja,tohoku-nlp-bert-base-japanese-v3,3,technical_issue,technical_issue
syn-ja-full-0636,bert_ja,tohoku-nlp-bert-base-japanese-v3,3,technical_issue,technical_issue
syn-ja-full-0637,bert_ja,tohoku-nlp-bert-base-japanese-v3,3,account_support,account_support
syn-ja-full-0647,bert_ja,tohoku-nlp-bert-base-japanese-v3,3,billing,billing
syn-ja-full-0649,bert_ja,tohoku-nlp-bert-base-japanese-v3,3,account_support,account_support
syn-ja-full-0652,bert_ja,tohoku-nlp-bert-base-japanese-v3,3,technical_issue,technical_issue
syn-ja-full-0654,bert_ja,tohoku-nlp-bert-base-japanese-v3,3,billing,billing
syn-ja-full-0662,bert_ja,tohoku-nlp-bert-base-japanese-v3,3,product_inquiry,product_inquiry
syn-ja-full-0665,bert_ja,tohoku-nlp-bert-base-japanese-v3,3,technical_issue,technical_issue
syn-ja-full-0666,bert_ja,tohoku-nlp-bert-base-japanese-v3,3,product_inquiry,product_inquiry
syn-ja-full-0671,bert_ja,tohoku-nlp-bert-base-japanese-v3,3,technical_issue,technical_issue
syn-ja-full-0672,bert_ja,tohoku-nlp-bert-base-japanese-v3,3,product_inquiry,product_inquiry
syn-ja-full-0683,bert_ja,tohoku-nlp-bert-base-japanese-v3,3,technical_issue,product_inquiry
syn-ja-full-0688,bert_ja,tohoku-nlp-bert-base-japanese-v3,3,billing,billing
syn-ja-full-0690,bert_ja,tohoku-nlp-bert-base-japanese-v3,3,billing,billing
syn-ja-full-0691,bert_ja,tohoku-nlp-bert-base-japanese-v3,3,technical_issue,technical_issue
syn-ja-full-0694,bert_ja,tohoku-nlp-bert-base-japanese-v3,3,account_support,account_support
syn-ja-full-0695,bert_ja,tohoku-nlp-bert-base-japanese-v3,3,account_support,account_support
syn-ja-full-0698,bert_ja,tohoku-nlp-bert-base-japanese-v3,3,billing,billing
syn-ja-full-0699,bert_ja,tohoku-nlp-bert-base-japanese-v3,3,account_support,account_support
syn-ja-full-0701,bert_ja,tohoku-nlp-bert-base-japanese-v3,3,account_support,account_support
syn-ja-full-0702,bert_ja,tohoku-nlp-bert-base-japanese-v3,3,billing,account_support
syn-ja-full-0710,bert_ja,tohoku-nlp-bert-base-japanese-v3,3,account_support,account_support
syn-ja-full-0716,bert_ja,tohoku-nlp-bert-base-japanese-v3,3,technical_issue,product_inquiry
syn-ja-full-0725,bert_ja,tohoku-nlp-bert-base-japanese-v3,3,account_support,account_support
syn-ja-full-0735,bert_ja,tohoku-nlp-bert-base-japanese-v3,3,billing,account_support
syn-ja-full-0739,bert_ja,tohoku-nlp-bert-base-japanese-v3,3,technical_issue,account_support
syn-ja-full-0742,bert_ja,tohoku-nlp-bert-base-japanese-v3,3,account_support,account_support
syn-ja-full-0743,bert_ja,tohoku-nlp-bert-base-japanese-v3,3,account_support,account_support
syn-ja-full-0744,bert_ja,tohoku-nlp-bert-base-japanese-v3,3,product_inquiry,product_inquiry
syn-ja-full-0747,bert_ja,tohoku-nlp-bert-base-japanese-v3,3,technical_issue,product_inquiry
syn-ja-full-0748,bert_ja,tohoku-nlp-bert-base-japanese-v3,3,product_inquiry,product_inquiry
syn-ja-full-0749,bert_ja,tohoku-nlp-bert-base-japanese-v3,3,billing,billing
syn-ja-full-0760,bert_ja,tohoku-nlp-bert-base-japanese-v3,3,technical_issue,technical_issue
syn-ja-full-0761,bert_ja,tohoku-nlp-bert-base-japanese-v3,3,billing,product_inquiry
syn-ja-full-0763,bert_ja,tohoku-nlp-bert-base-japanese-v3,3,account_support,account_support
syn-ja-full-0767,bert_ja,tohoku-nlp-bert-base-japanese-v3,3,account_support,account_support
syn-ja-full-0769,bert_ja,tohoku-nlp-bert-base-japanese-v3,3,billing,billing
syn-ja-full-0770,bert_ja,tohoku-nlp-bert-base-japanese-v3,3,billing,billing
syn-ja-full-0771,bert_ja,tohoku-nlp-bert-base-japanese-v3,3,product_inquiry,product_inquiry
syn-ja-full-0775,bert_ja,tohoku-nlp-bert-base-japanese-v3,3,billing,billing
syn-ja-full-0789,bert_ja,tohoku-nlp-bert-base-japanese-v3,3,product_inquiry,product_inquiry
syn-ja-full-0793,bert_ja,tohoku-nlp-bert-base-japanese-v3,3,product_inquiry,product_inquiry
syn-ja-full-0004,bert_ja,tohoku-nlp-bert-base-japanese-v3,4,account_support,account_support
syn-ja-full-0007,bert_ja,tohoku-nlp-bert-base-japanese-v3,4,technical_issue,technical_issue
syn-ja-full-0010,bert_ja,tohoku-nlp-bert-base-japanese-v3,4,account_support,account_support
syn-ja-full-0017,bert_ja,tohoku-nlp-bert-base-japanese-v3,4,technical_issue,technical_issue
syn-ja-full-0018,bert_ja,tohoku-nlp-bert-base-japanese-v3,4,technical_issue,technical_issue
syn-ja-full-0025,bert_ja,tohoku-nlp-bert-base-japanese-v3,4,billing,billing
syn-ja-full-0031,bert_ja,tohoku-nlp-bert-base-japanese-v3,4,account_support,account_support
syn-ja-full-0034,bert_ja,tohoku-nlp-bert-base-japanese-v3,4,product_inquiry,product_inquiry
syn-ja-full-0039,bert_ja,tohoku-nlp-bert-base-japanese-v3,4,account_support,account_support
syn-ja-full-0040,bert_ja,tohoku-nlp-bert-base-japanese-v3,4,product_inquiry,product_inquiry
syn-ja-full-0049,bert_ja,tohoku-nlp-bert-base-japanese-v3,4,product_inquiry,product_inquiry
syn-ja-full-0072,bert_ja,tohoku-nlp-bert-base-japanese-v3,4,billing,billing
syn-ja-full-0074,bert_ja,tohoku-nlp-bert-base-japanese-v3,4,technical_issue,technical_issue
syn-ja-full-0078,bert_ja,tohoku-nlp-bert-base-japanese-v3,4,billing,billing
syn-ja-full-0080,bert_ja,tohoku-nlp-bert-base-japanese-v3,4,product_inquiry,product_inquiry
syn-ja-full-0081,bert_ja,tohoku-nlp-bert-base-japanese-v3,4,billing,billing
syn-ja-full-0083,bert_ja,tohoku-nlp-bert-base-japanese-v3,4,billing,billing
syn-ja-full-0086,bert_ja,tohoku-nlp-bert-base-japanese-v3,4,billing,billing
syn-ja-full-0088,bert_ja,tohoku-nlp-bert-base-japanese-v3,4,product_inquiry,product_inquiry
syn-ja-full-0098,bert_ja,tohoku-nlp-bert-base-japanese-v3,4,technical_issue,technical_issue
syn-ja-full-0101,bert_ja,tohoku-nlp-bert-base-japanese-v3,4,technical_issue,technical_issue
syn-ja-full-0106,bert_ja,tohoku-nlp-bert-base-japanese-v3,4,technical_issue,technical_issue
syn-ja-full-0107,bert_ja,tohoku-nlp-bert-base-japanese-v3,4,product_inquiry,product_inquiry
syn-ja-full-0108,bert_ja,tohoku-nlp-bert-base-japanese-v3,4,technical_issue,technical_issue
syn-ja-full-0111,bert_ja,tohoku-nlp-bert-base-japanese-v3,4,billing,billing
syn-ja-full-0114,bert_ja,tohoku-nlp-bert-base-japanese-v3,4,product_inquiry,product_inquiry
syn-ja-full-0119,bert_ja,tohoku-nlp-bert-base-japanese-v3,4,billing,billing
syn-ja-full-0122,bert_ja,tohoku-nlp-bert-base-japanese-v3,4,billing,billing
syn-ja-full-0127,bert_ja,tohoku-nlp-bert-base-japanese-v3,4,billing,billing
syn-ja-full-0130,bert_ja,tohoku-nlp-bert-base-japanese-v3,4,product_inquiry,technical_issue
syn-ja-full-0133,bert_ja,tohoku-nlp-bert-base-japanese-v3,4,account_support,account_support
syn-ja-full-0138,bert_ja,tohoku-nlp-bert-base-japanese-v3,4,account_support,account_support
syn-ja-full-0140,bert_ja,tohoku-nlp-bert-base-japanese-v3,4,account_support,account_support
syn-ja-full-0143,bert_ja,tohoku-nlp-bert-base-japanese-v3,4,account_support,account_support
syn-ja-full-0145,bert_ja,tohoku-nlp-bert-base-japanese-v3,4,account_support,product_inquiry
syn-ja-full-0148,bert_ja,tohoku-nlp-bert-base-japanese-v3,4,technical_issue,technical_issue
syn-ja-full-0155,bert_ja,tohoku-nlp-bert-base-japanese-v3,4,account_support,account_support
syn-ja-full-0159,bert_ja,tohoku-nlp-bert-base-japanese-v3,4,technical_issue,technical_issue
syn-ja-full-0170,bert_ja,tohoku-nlp-bert-base-japanese-v3,4,product_inquiry,product_inquiry
syn-ja-full-0172,bert_ja,tohoku-nlp-bert-base-japanese-v3,4,account_support,account_support
syn-ja-full-0180,bert_ja,tohoku-nlp-bert-base-japanese-v3,4,account_support,account_support
syn-ja-full-0184,bert_ja,tohoku-nlp-bert-base-japanese-v3,4,technical_issue,technical_issue
syn-ja-full-0185,bert_ja,tohoku-nlp-bert-base-japanese-v3,4,account_support,account_support
syn-ja-full-0186,bert_ja,tohoku-nlp-bert-base-japanese-v3,4,account_support,account_support
syn-ja-full-0194,bert_ja,tohoku-nlp-bert-base-japanese-v3,4,technical_issue,technical_issue
syn-ja-full-0198,bert_ja,tohoku-nlp-bert-base-japanese-v3,4,account_support,account_support
syn-ja-full-0201,bert_ja,tohoku-nlp-bert-base-japanese-v3,4,billing,billing
syn-ja-full-0202,bert_ja,tohoku-nlp-bert-base-japanese-v3,4,account_support,account_support
syn-ja-full-0204,bert_ja,tohoku-nlp-bert-base-japanese-v3,4,account_support,account_support
syn-ja-full-0211,bert_ja,tohoku-nlp-bert-base-japanese-v3,4,account_support,account_support
syn-ja-full-0212,bert_ja,tohoku-nlp-bert-base-japanese-v3,4,product_inquiry,product_inquiry
syn-ja-full-0213,bert_ja,tohoku-nlp-bert-base-japanese-v3,4,account_support,account_support
syn-ja-full-0237,bert_ja,tohoku-nlp-bert-base-japanese-v3,4,billing,billing
syn-ja-full-0244,bert_ja,tohoku-nlp-bert-base-japanese-v3,4,account_support,account_support
syn-ja-full-0247,bert_ja,tohoku-nlp-bert-base-japanese-v3,4,account_support,account_support
syn-ja-full-0249,bert_ja,tohoku-nlp-bert-base-japanese-v3,4,account_support,account_support
syn-ja-full-0251,bert_ja,tohoku-nlp-bert-base-japanese-v3,4,billing,billing
syn-ja-full-0252,bert_ja,tohoku-nlp-bert-base-japanese-v3,4,billing,billing
syn-ja-full-0254,bert_ja,tohoku-nlp-bert-base-japanese-v3,4,technical_issue,account_support
syn-ja-full-0255,bert_ja,tohoku-nlp-bert-base-japanese-v3,4,billing,billing
syn-ja-full-0257,bert_ja,tohoku-nlp-bert-base-japanese-v3,4,account_support,product_inquiry
syn-ja-full-0261,bert_ja,tohoku-nlp-bert-base-japanese-v3,4,billing,billing
syn-ja-full-0263,bert_ja,tohoku-nlp-bert-base-japanese-v3,4,product_inquiry,product_inquiry
syn-ja-full-0267,bert_ja,tohoku-nlp-bert-base-japanese-v3,4,account_support,account_support
syn-ja-full-0271,bert_ja,tohoku-nlp-bert-base-japanese-v3,4,account_support,account_support
syn-ja-full-0280,bert_ja,tohoku-nlp-bert-base-japanese-v3,4,technical_issue,technical_issue
syn-ja-full-0292,bert_ja,tohoku-nlp-bert-base-japanese-v3,4,account_support,account_support
syn-ja-full-0296,bert_ja,tohoku-nlp-bert-base-japanese-v3,4,product_inquiry,product_inquiry
syn-ja-full-0305,bert_ja,tohoku-nlp-bert-base-japanese-v3,4,billing,billing
syn-ja-full-0316,bert_ja,tohoku-nlp-bert-base-japanese-v3,4,technical_issue,product_inquiry
syn-ja-full-0318,bert_ja,tohoku-nlp-bert-base-japanese-v3,4,billing,billing
syn-ja-full-0323,bert_ja,tohoku-nlp-bert-base-japanese-v3,4,account_support,account_support
syn-ja-full-0331,bert_ja,tohoku-nlp-bert-base-japanese-v3,4,billing,billing
syn-ja-full-0332,bert_ja,tohoku-nlp-bert-base-japanese-v3,4,billing,billing
syn-ja-full-0334,bert_ja,tohoku-nlp-bert-base-japanese-v3,4,billing,billing
syn-ja-full-0335,bert_ja,tohoku-nlp-bert-base-japanese-v3,4,account_support,account_support
syn-ja-full-0336,bert_ja,tohoku-nlp-bert-base-japanese-v3,4,account_support,account_support
syn-ja-full-0344,bert_ja,tohoku-nlp-bert-base-japanese-v3,4,account_support,account_support
syn-ja-full-0351,bert_ja,tohoku-nlp-bert-base-japanese-v3,4,product_inquiry,product_inquiry
syn-ja-full-0357,bert_ja,tohoku-nlp-bert-base-japanese-v3,4,account_support,account_support
syn-ja-full-0367,bert_ja,tohoku-nlp-bert-base-japanese-v3,4,account_support,account_support
syn-ja-full-0368,bert_ja,tohoku-nlp-bert-base-japanese-v3,4,technical_issue,technical_issue
syn-ja-full-0369,bert_ja,tohoku-nlp-bert-base-japanese-v3,4,technical_issue,technical_issue
syn-ja-full-0370,bert_ja,tohoku-nlp-bert-base-japanese-v3,4,account_support,account_support
syn-ja-full-0378,bert_ja,tohoku-nlp-bert-base-japanese-v3,4,account_support,account_support
syn-ja-full-0381,bert_ja,tohoku-nlp-bert-base-japanese-v3,4,account_support,account_support
syn-ja-full-0385,bert_ja,tohoku-nlp-bert-base-japanese-v3,4,product_inquiry,product_inquiry
syn-ja-full-0391,bert_ja,tohoku-nlp-bert-base-japanese-v3,4,account_support,account_support
syn-ja-full-0403,bert_ja,tohoku-nlp-bert-base-japanese-v3,4,product_inquiry,product_inquiry
syn-ja-full-0413,bert_ja,tohoku-nlp-bert-base-japanese-v3,4,product_inquiry,technical_issue
syn-ja-full-0414,bert_ja,tohoku-nlp-bert-base-japanese-v3,4,product_inquiry,product_inquiry
syn-ja-full-0418,bert_ja,tohoku-nlp-bert-base-japanese-v3,4,billing,billing
syn-ja-full-0419,bert_ja,tohoku-nlp-bert-base-japanese-v3,4,technical_issue,technical_issue
syn-ja-full-0424,bert_ja,tohoku-nlp-bert-base-japanese-v3,4,technical_issue,technical_issue
syn-ja-full-0429,bert_ja,tohoku-nlp-bert-base-japanese-v3,4,technical_issue,account_support
syn-ja-full-0430,bert_ja,tohoku-nlp-bert-base-japanese-v3,4,account_support,account_support
syn-ja-full-0446,bert_ja,tohoku-nlp-bert-base-japanese-v3,4,account_support,product_inquiry
syn-ja-full-0449,bert_ja,tohoku-nlp-bert-base-japanese-v3,4,billing,billing
syn-ja-full-0453,bert_ja,tohoku-nlp-bert-base-japanese-v3,4,technical_issue,technical_issue
syn-ja-full-0454,bert_ja,tohoku-nlp-bert-base-japanese-v3,4,account_support,account_support
syn-ja-full-0456,bert_ja,tohoku-nlp-bert-base-japanese-v3,4,account_support,account_support
syn-ja-full-0466,bert_ja,tohoku-nlp-bert-base-japanese-v3,4,account_support,account_support
syn-ja-full-0471,bert_ja,tohoku-nlp-bert-base-japanese-v3,4,technical_issue,technical_issue
syn-ja-full-0476,bert_ja,tohoku-nlp-bert-base-japanese-v3,4,billing,billing
syn-ja-full-0479,bert_ja,tohoku-nlp-bert-base-japanese-v3,4,account_support,account_support
syn-ja-full-0488,bert_ja,tohoku-nlp-bert-base-japanese-v3,4,account_support,account_support
syn-ja-full-0495,bert_ja,tohoku-nlp-bert-base-japanese-v3,4,account_support,account_support
syn-ja-full-0497,bert_ja,tohoku-nlp-bert-base-japanese-v3,4,technical_issue,technical_issue
syn-ja-full-0503,bert_ja,tohoku-nlp-bert-base-japanese-v3,4,account_support,product_inquiry
syn-ja-full-0505,bert_ja,tohoku-nlp-bert-base-japanese-v3,4,account_support,account_support
syn-ja-full-0508,bert_ja,tohoku-nlp-bert-base-japanese-v3,4,account_support,product_inquiry
syn-ja-full-0514,bert_ja,tohoku-nlp-bert-base-japanese-v3,4,account_support,product_inquiry
syn-ja-full-0517,bert_ja,tohoku-nlp-bert-base-japanese-v3,4,billing,billing
syn-ja-full-0519,bert_ja,tohoku-nlp-bert-base-japanese-v3,4,account_support,account_support
syn-ja-full-0526,bert_ja,tohoku-nlp-bert-base-japanese-v3,4,billing,billing
syn-ja-full-0531,bert_ja,tohoku-nlp-bert-base-japanese-v3,4,account_support,account_support
syn-ja-full-0532,bert_ja,tohoku-nlp-bert-base-japanese-v3,4,billing,billing
syn-ja-full-0534,bert_ja,tohoku-nlp-bert-base-japanese-v3,4,account_support,account_support
syn-ja-full-0535,bert_ja,tohoku-nlp-bert-base-japanese-v3,4,product_inquiry,product_inquiry
syn-ja-full-0543,bert_ja,tohoku-nlp-bert-base-japanese-v3,4,account_support,account_support
syn-ja-full-0547,bert_ja,tohoku-nlp-bert-base-japanese-v3,4,technical_issue,technical_issue
syn-ja-full-0555,bert_ja,tohoku-nlp-bert-base-japanese-v3,4,account_support,account_support
syn-ja-full-0559,bert_ja,tohoku-nlp-bert-base-japanese-v3,4,product_inquiry,product_inquiry
syn-ja-full-0564,bert_ja,tohoku-nlp-bert-base-japanese-v3,4,billing,billing
syn-ja-full-0569,bert_ja,tohoku-nlp-bert-base-japanese-v3,4,account_support,account_support
syn-ja-full-0571,bert_ja,tohoku-nlp-bert-base-japanese-v3,4,product_inquiry,product_inquiry
syn-ja-full-0573,bert_ja,tohoku-nlp-bert-base-japanese-v3,4,product_inquiry,product_inquiry
syn-ja-full-0575,bert_ja,tohoku-nlp-bert-base-japanese-v3,4,product_inquiry,product_inquiry
syn-ja-full-0582,bert_ja,tohoku-nlp-bert-base-japanese-v3,4,account_support,account_support
syn-ja-full-0583,bert_ja,tohoku-nlp-bert-base-japanese-v3,4,account_support,account_support
syn-ja-full-0584,bert_ja,tohoku-nlp-bert-base-japanese-v3,4,billing,billing
syn-ja-full-0589,bert_ja,tohoku-nlp-bert-base-japanese-v3,4,account_support,account_support
syn-ja-full-0593,bert_ja,tohoku-nlp-bert-base-japanese-v3,4,billing,billing
syn-ja-full-0599,bert_ja,tohoku-nlp-bert-base-japanese-v3,4,account_support,account_support
syn-ja-full-0603,bert_ja,tohoku-nlp-bert-base-japanese-v3,4,billing,billing
syn-ja-full-0605,bert_ja,tohoku-nlp-bert-base-japanese-v3,4,product_inquiry,technical_issue
syn-ja-full-0616,bert_ja,tohoku-nlp-bert-base-japanese-v3,4,product_inquiry,product_inquiry
syn-ja-full-0617,bert_ja,tohoku-nlp-bert-base-japanese-v3,4,account_support,account_support
syn-ja-full-0619,bert_ja,tohoku-nlp-bert-base-japanese-v3,4,product_inquiry,product_inquiry
syn-ja-full-0640,bert_ja,tohoku-nlp-bert-base-japanese-v3,4,technical_issue,technical_issue
syn-ja-full-0643,bert_ja,tohoku-nlp-bert-base-japanese-v3,4,account_support,product_inquiry
syn-ja-full-0644,bert_ja,tohoku-nlp-bert-base-japanese-v3,4,account_support,account_support
syn-ja-full-0645,bert_ja,tohoku-nlp-bert-base-japanese-v3,4,account_support,account_support
syn-ja-full-0651,bert_ja,tohoku-nlp-bert-base-japanese-v3,4,technical_issue,technical_issue
syn-ja-full-0655,bert_ja,tohoku-nlp-bert-base-japanese-v3,4,product_inquiry,product_inquiry
syn-ja-full-0659,bert_ja,tohoku-nlp-bert-base-japanese-v3,4,account_support,account_support
syn-ja-full-0667,bert_ja,tohoku-nlp-bert-base-japanese-v3,4,technical_issue,account_support
syn-ja-full-0677,bert_ja,tohoku-nlp-bert-base-japanese-v3,4,product_inquiry,product_inquiry
syn-ja-full-0680,bert_ja,tohoku-nlp-bert-base-japanese-v3,4,technical_issue,technical_issue
syn-ja-full-0687,bert_ja,tohoku-nlp-bert-base-japanese-v3,4,product_inquiry,technical_issue
syn-ja-full-0692,bert_ja,tohoku-nlp-bert-base-japanese-v3,4,account_support,account_support
syn-ja-full-0705,bert_ja,tohoku-nlp-bert-base-japanese-v3,4,product_inquiry,technical_issue
syn-ja-full-0706,bert_ja,tohoku-nlp-bert-base-japanese-v3,4,billing,billing
syn-ja-full-0707,bert_ja,tohoku-nlp-bert-base-japanese-v3,4,product_inquiry,technical_issue
syn-ja-full-0714,bert_ja,tohoku-nlp-bert-base-japanese-v3,4,technical_issue,account_support
syn-ja-full-0719,bert_ja,tohoku-nlp-bert-base-japanese-v3,4,technical_issue,account_support
syn-ja-full-0722,bert_ja,tohoku-nlp-bert-base-japanese-v3,4,product_inquiry,technical_issue
syn-ja-full-0724,bert_ja,tohoku-nlp-bert-base-japanese-v3,4,technical_issue,account_support
syn-ja-full-0730,bert_ja,tohoku-nlp-bert-base-japanese-v3,4,billing,billing
syn-ja-full-0755,bert_ja,tohoku-nlp-bert-base-japanese-v3,4,product_inquiry,product_inquiry
syn-ja-full-0758,bert_ja,tohoku-nlp-bert-base-japanese-v3,4,technical_issue,technical_issue
syn-ja-full-0762,bert_ja,tohoku-nlp-bert-base-japanese-v3,4,technical_issue,account_support
syn-ja-full-0764,bert_ja,tohoku-nlp-bert-base-japanese-v3,4,account_support,product_inquiry
syn-ja-full-0766,bert_ja,tohoku-nlp-bert-base-japanese-v3,4,account_support,product_inquiry
syn-ja-full-0790,bert_ja,tohoku-nlp-bert-base-japanese-v3,4,product_inquiry,product_inquiry
syn-ja-full-0799,bert_ja,tohoku-nlp-bert-base-japanese-v3,4,product_inquiry,product_inquiry
